SET foreign_key_checks = 0;
INSERT INTO `category` (id,name,slug) VALUES ("1","Уборка","clean");
INSERT INTO `category` (id,name,slug) VALUES ("2","Компьютерная помощь","neo");
INSERT INTO `category` (id,name,slug) VALUES ("3","Ремонт квартирный","flat");
INSERT INTO `category` (id,name,slug) VALUES ("4","Ремонт техники","repair");
INSERT INTO `category` (id,name,slug) VALUES ("5","Красота","beauty");
INSERT INTO `category` (id,name,slug) VALUES ("6","Фото","photo");
INSERT INTO `category` (id,name,slug) VALUES ("7","Переводы","translation");
INSERT INTO `category` (id,name,slug) VALUES ("8","Переезды","cargo");
INSERT INTO `city` (id,name,latitude,longitude) VALUES ("1","Казань","55.796289","49.108795");
INSERT INTO `city` (id,name,latitude,longitude) VALUES ("2","Nong Chik","6.8117856","101.1843887");
INSERT INTO `city` (id,name,latitude,longitude) VALUES ("3","Kavadarci","41.4410475","22.0126949");
INSERT INTO `city` (id,name,latitude,longitude) VALUES ("4","Sapele","5.8750769","5.6931356");
INSERT INTO `city` (id,name,latitude,longitude) VALUES ("5","Al Majd","31.8810103","35.219546");
INSERT INTO `city` (id,name,latitude,longitude) VALUES ("6","Helmas","41.191548","19.626265");
INSERT INTO `city` (id,name,latitude,longitude) VALUES ("7","Dicun","37.8311926","112.5870889");
INSERT INTO `city` (id,name,latitude,longitude) VALUES ("8","Kelasuri","43.0225426","41.1157847");
INSERT INTO `city` (id,name,latitude,longitude) VALUES ("9","Youngstown","41.0699247","-80.6937177");
INSERT INTO `city` (id,name,latitude,longitude) VALUES ("10","Heidelberg","-26.2396883","28.3217259");
INSERT INTO `user` (id,username,email,password_hash,date_last,created_at,avatar,city_id,auth_key,verification_token,status,updated_at) VALUES ("1","Василий","test@test.ru","$2y$10$Cs8kJj70t/Cz4887Bw.9cOMF.pk83iAa8hoK.aBgPXthG3PSo/Xwq","1595808000","1595203200","man-blond.jpg","1","QxXlaS5REgg4nM6ot32CCDq8wGQvSGav","ugtiSKau1Wn9uxO7ilxdm8ob9xAYk6Mv","9","1595203200");
INSERT INTO `user` (id,username,email,password_hash,date_last,created_at,avatar,city_id,auth_key,verification_token,status,updated_at) VALUES ("2","Trstram Rosas","trosas1@vistaprint.com","cd7e76732c506c8d99ddfcfaec8c9689ab619bf1daef4361d6ec42899a3674d8","1586995200","1584316800","man-brune.jpg","1","fc-IEgo1MSvi7S0z_fcamLswmSD-svdj","kedb2_ODFt0gv2Gx0oIxTYR161jFU4ou_1607501171","10","1607501309");
INSERT INTO `user` (id,username,email,password_hash,date_last,created_at,avatar,city_id,auth_key,verification_token,status,updated_at) VALUES ("3","Haily Eborn","heborn2@answers.com","05055fedcd49c7a8fab91a7ae6d08c57f421808433beaca2a5c1bf0124ce9112","1601251200","1601164800","man-glasses.jpg","2","IcjB576oMiWx7kOuHWvBKYpg9w5vLM5a","k59xXZRI7ZX8bFSg7Bue9xC_p3bAh_Hu_1607501081","9","1607501081");
INSERT INTO `user` (id,username,email,password_hash,date_last,created_at,avatar,city_id,auth_key,verification_token,status,updated_at) VALUES ("4","Marcello Learoid","mlearoid3@qq.com","b119c1afe175fd4a68a5dce935e6d23b674de47761c983f9216be99508df40f1","1595116800","1594339200","man-blond.jpg","3","Xat0yOTTvLyDahhNHDlc0CFriXtTUlyW","Hi_Qz6_1s6Ci6wlk4E3I_TYrt0xHA9ta_1607501204","9","1594339200");
INSERT INTO `profile` (id,address,about,date_birthday,phone,skype,telegram,popular,online,favorite) VALUES ("1","76 Annamark Court","Integer a nibh. In quis justo. Maecenas rhoncus aliquam lacus. Morbi quis tortor id nulla ultrices aliquet. Maecenas leo odio, condimentum id, luctus nec, molestie sed, justo. Pellentesque viverra pede ac diam. Cras pellentesque volutpat dui. Maecenas tristique, est et tempus semper, est quam pharetra magna, ac consequat metus sapien ut nunc. Vestibulum ante ipsum primis in faucibus orci luctus et ultrices posuere cubilia Curae; Mauris viverra diam vitae quam. Suspendisse potenti.","749520000","292-540-0226","transitional","monitoring","1","1","1");
INSERT INTO `profile` (id,address,about,date_birthday,phone,skype,telegram,popular,online,favorite) VALUES ("2","8410 Jackson Pass","Aenean fermentum. Donec ut mauris eget massa tempor convallis. Nulla neque libero, convallis eget, eleifend luctus, ultricies eu, nibh. Quisque id justo sit amet sapien dignissim vestibulum. Vestibulum ante ipsum primis in faucibus orci luctus et ultrices posuere cubilia Curae; Nulla dapibus dolor vel est. Donec odio justo, sollicitudin ut, suscipit a, feugiat et, eros. Vestibulum ac est lacinia nisi venenatis tristique. Fusce congue, diam id ornare imperdiet, sapien urna pretium nisl, ut volutpat sapien arcu sed augue. Aliquam erat volutpat.","480141679","962-212-7940","6th generation","discrete","3","1","1");
INSERT INTO `profile` (id,address,about,date_birthday,phone,skype,telegram,popular,online,favorite) VALUES ("3","28236 Reindahl Plaza","Lorem ipsum dolor sit amet, consectetuer adipiscing elit. Proin risus. Praesent lectus. Vestibulum quam sapien, varius ut, blandit non, interdum in, ante.","440916079","597-907-0142","background","circuit","2","1","2");
INSERT INTO `message` (id,date_add,description,worker_id,owner_id) VALUES ("1","1557376879","Curabitur gravida nisi at nibh. In hac habitasse platea dictumst. Aliquam augue quam, sollicitudin vitae, consectetuer eget, rutrum at, lorem. Integer tincidunt ante vel ipsum. Praesent blandit lacinia erat. Vestibulum sed magna at nunc commodo placerat. Praesent blandit. Nam nulla. Integer pede justo, lacinia eget, tincidunt eget, tempus vel, pede.","1","2");
INSERT INTO `message` (id,date_add,description,worker_id,owner_id) VALUES ("2","1540615279","Fusce consequat. Nulla nisl. Nunc nisl. Duis bibendum, felis sed interdum venenatis, turpis enim blandit mi, in porttitor pede justo eu massa. Donec dapibus. Duis at velit eu est congue elementum. In hac habitasse platea dictumst. Morbi vestibulum, velit id pretium iaculis, diam erat fermentum justo, nec condimentum neque sapien placerat ante. Nulla justo.","2","1");
INSERT INTO `message` (id,date_add,description,worker_id,owner_id) VALUES ("3","1541133679","Fusce consequat. Nulla nisl. Nunc nisl. Duis bibendum, felis sed interdum venenatis, turpis enim blandit mi, in porttitor pede justo eu massa. Donec dapibus. Duis at velit eu est congue elementum. In hac habitasse platea dictumst. Morbi vestibulum, velit id pretium iaculis, diam erat fermentum justo, nec condimentum neque sapien placerat ante. Nulla justo.","1","2");
INSERT INTO `message` (id,date_add,description,worker_id,owner_id) VALUES ("4","1559659279","Praesent blandit. Nam nulla. Integer pede justo, lacinia eget, tincidunt eget, tempus vel, pede. Morbi porttitor lorem id ligula. Suspendisse ornare consequat lectus. In est risus, auctor sed, tristique in, tempus sit amet, sem. Fusce consequat. Nulla nisl. Nunc nisl.","2","1");
INSERT INTO `message` (id,date_add,description,worker_id,owner_id) VALUES ("5","1539096019","In hac habitasse platea dictumst. Morbi vestibulum, velit id pretium iaculis, diam erat fermentum justo, nec condimentum neque sapien placerat ante. Nulla justo.","2","1");
INSERT INTO `message` (id,date_add,description,worker_id,owner_id) VALUES ("6","1563288000","Nullam sit amet turpis elementum ligula vehicula consequat. Morbi a ipsum. Integer a nibh. In quis justo. Maecenas rhoncus aliquam lacus. Morbi quis tortor id nulla ultrices aliquet. Maecenas leo odio, condimentum id, luctus nec, molestie sed, justo. Pellentesque viverra pede ac diam. Cras pellentesque volutpat dui.","1","2");
INSERT INTO `message` (id,date_add,description,worker_id,owner_id) VALUES ("7","1548168005","Cras mi pede, malesuada in, imperdiet et, commodo vulputate, justo. In blandit ultrices enim. Lorem ipsum dolor sit amet, consectetuer adipiscing elit.","2","1");
INSERT INTO `message` (id,date_add,description,worker_id,owner_id) VALUES ("8","1560264005","Praesent id massa id nisl venenatis lacinia. Aenean sit amet justo. Morbi ut odio. Cras mi pede, malesuada in, imperdiet et, commodo vulputate, justo. In blandit ultrices enim. Lorem ipsum dolor sit amet, consectetuer adipiscing elit. Proin interdum mauris non ligula pellentesque ultrices. Phasellus id sapien in sapien iaculis congue. Vivamus metus arcu, adipiscing molestie, hendrerit at, vulputate vitae, nisl.","1","2");
INSERT INTO `message` (id,date_add,description,worker_id,owner_id) VALUES ("9","1550328005","Vestibulum quam sapien, varius ut, blandit non, interdum in, ante. Vestibulum ante ipsum primis in faucibus orci luctus et ultrices posuere cubilia Curae; Duis faucibus accumsan odio. Curabitur convallis. Duis consequat dui nec nisi volutpat eleifend. Donec ut dolor. Morbi vel lectus in quam fringilla rhoncus. Mauris enim leo, rhoncus sed, vestibulum sit amet, cursus id, turpis. Integer aliquet, massa id lobortis convallis, tortor risus dapibus augue, vel accumsan tellus nisi eu orci. Mauris lacinia sapien quis libero.","2","1");
INSERT INTO `opinion` (id,date_add,rate,description,owner_id,worker_id,task_id) VALUES ("1","1566202985","3","Cras non velit nec nisi vulputate nonummy. Maecenas tincidunt lacus at velit. Vivamus vel nulla eget eros elementum pellentesque. Quisque porta volutpat erat. Quisque erat eros, viverra eget, congue eget, semper rutrum, nulla. Nunc purus. Phasellus in felis. Donec semper sapien a libero. Nam dui.","4","2","1");
INSERT INTO `opinion` (id,date_add,rate,description,owner_id,worker_id,task_id) VALUES ("2","1550823785","2","Fusce posuere felis sed lacus. Morbi sem mauris, laoreet ut, rhoncus aliquet, pulvinar sed, nisl. Nunc rhoncus dui vel sem. Sed sagittis. Nam congue, risus semper porta volutpat, quam pede lobortis ligula, sit amet eleifend pede libero quis orci. Nullam molestie nibh in lectus. Pellentesque at nulla. Suspendisse potenti. Cras in purus eu magna vulputate luctus.","3","1","2");
INSERT INTO `opinion` (id,date_add,rate,description,owner_id,worker_id,task_id) VALUES ("3","1562833385","2","Curabitur in libero ut massa volutpat convallis. Morbi odio odio, elementum eu, interdum eu, tincidunt in, leo. Maecenas pulvinar lobortis est. Phasellus sit amet erat. Nulla tempus. Vivamus in felis eu sapien cursus vestibulum.","1","2","7");
INSERT INTO `opinion` (id,date_add,rate,description,owner_id,worker_id,task_id) VALUES ("4","1538914994","2","Duis aliquam convallis nunc. Proin at turpis a pede posuere nonummy. Integer non velit. Donec diam neque, vestibulum eget, vulputate ut, ultrices vel, augue. Vestibulum ante ipsum primis in faucibus orci luctus et ultrices posuere cubilia Curae; Donec pharetra, magna vestibulum aliquet ultrices, erat tortor sollicitudin mi, sit amet lobortis sapien sapien non mi. Integer ac neque.","3","1","4");
INSERT INTO `opinion` (id,date_add,rate,description,owner_id,worker_id,task_id) VALUES ("5","1543666994","1","Aenean lectus. Pellentesque eget nunc. Donec quis orci eget orci vehicula condimentum. Curabitur in libero ut massa volutpat convallis. Morbi odio odio, elementum eu, interdum eu, tincidunt in, leo. Maecenas pulvinar lobortis est.","4","1","3");
INSERT INTO `opinion` (id,date_add,rate,description,owner_id,worker_id,task_id) VALUES ("6","1541766194","3","In congue. Etiam justo. Etiam pretium iaculis justo.","4","2","8");
INSERT INTO `opinion` (id,date_add,rate,description,owner_id,worker_id,task_id) VALUES ("7","1544444594","5","In hac habitasse platea dictumst. Morbi vestibulum, velit id pretium iaculis, diam erat fermentum justo, nec condimentum neque sapien placerat ante. Nulla justo. Aliquam quis turpis eget elit sodales scelerisque. Mauris sit amet eros. Suspendisse accumsan tortor quis turpis. Sed ante. Vivamus tortor. Duis mattis egestas metus.","1","3","9");
INSERT INTO `opinion` (id,date_add,rate,description,owner_id,worker_id,task_id) VALUES ("8","1540002318","2","Curabitur gravida nisi at nibh. In hac habitasse platea dictumst. Aliquam augue quam, sollicitudin vitae, consectetuer eget, rutrum at, lorem. Integer tincidunt ante vel ipsum. Praesent blandit lacinia erat. Vestibulum sed magna at nunc commodo placerat.","4","3","10");
INSERT INTO `opinion` (id,date_add,rate,description,owner_id,worker_id,task_id) VALUES ("9","1540607118","2","Cras non velit nec nisi vulputate nonummy. Maecenas tincidunt lacus at velit. Vivamus vel nulla eget eros elementum pellentesque. Quisque porta volutpat erat. Quisque erat eros, viverra eget, congue eget, semper rutrum, nulla. Nunc purus.","2","3","5");
INSERT INTO `opinion` (id,date_add,rate,description,owner_id,worker_id,task_id) VALUES ("10","1560479118","4","Lorem ipsum dolor sit amet, consectetuer adipiscing elit. Proin risus. Praesent lectus.","1","3","6");
INSERT INTO `task` (id,name,description,date_add,date_expire,price,address,latitude,longitude,owner_id) VALUES ("1","enable impactful technologies","Suspendisse potenti. In eleifend quam a odio. In hac habitasse platea dictumst.","1552142479","1636987279","6587","1 Eagan Crossing","6.9641667","158.2083333","4");
INSERT INTO `task` (id,name,description,date_add,date_expire,price,address,latitude,longitude,owner_id) VALUES ("2","exploit revolutionary portals","Nam ultrices, libero non mattis pulvinar, nulla pede ullamcorper augue, a suscipit nulla elit ac nulla. Sed vel enim sit amet nunc viverra dapibus. Nulla suscipit ligula in lacus. Curabitur at ipsum ac tellus semper interdum. Mauris ullamcorper purus sit amet nulla. Quisque arcu libero, rutrum ac, lobortis vel, dapibus at, diam.","1562164879","1575729679","2904","24043 Paget Alley","5.623505","10.2544044","4");
INSERT INTO `task` (id,name,description,date_add,date_expire,price,address,latitude,longitude,owner_id) VALUES ("3","matrix next-generation e-commerce","Nulla ut erat id mauris vulputate elementum. Nullam varius. Nulla facilisi. Cras non velit nec nisi vulputate nonummy. Maecenas tincidunt lacus at velit. Vivamus vel nulla eget eros elementum pellentesque. Quisque porta volutpat erat. Quisque erat eros, viverra eget, congue eget, semper rutrum, nulla. Nunc purus.","1561646480","1574520079","1170","2867 Dryden Pass","63.593219","53.9068532","2");
INSERT INTO `task` (id,name,description,date_add,date_expire,price,address,latitude,longitude,owner_id) VALUES ("4","benchmark plug-and-play infomediaries","Praesent blandit. Nam nulla. Integer pede justo, lacinia eget, tincidunt eget, tempus vel, pede. Morbi porttitor lorem id ligula. Suspendisse ornare consequat lectus. In est risus, auctor sed, tristique in, tempus sit amet, sem. Fusce consequat. Nulla nisl. Nunc nisl.","1546353680","1573396880","838","80 Cambridge Street","20.5800358","-75.2435307","1");
INSERT INTO `task` (id,name,description,date_add,date_expire,price,address,latitude,longitude,owner_id) VALUES ("5","integrate cross-platform e-business","Praesent blandit. Nam nulla. Integer pede justo, lacinia eget, tincidunt eget, tempus vel, pede.","1567867280","1639579280","7484","1 Stone Corner Junction","14.9326574","-91.6941845","4");
INSERT INTO `task` (id,name,description,date_add,date_expire,price,address,latitude,longitude,owner_id) VALUES ("6","enable dot-com niches","Quisque porta volutpat erat. Quisque erat eros, viverra eget, congue eget, semper rutrum, nulla. Nunc purus.","1541083280","1637764880","5725","12 Stephen Terrace","40.163127","116.638868","3");
INSERT INTO `task` (id,name,description,date_add,date_expire,price,address,latitude,longitude,owner_id) VALUES ("7","transform web-enabled relationships","Fusce posuere felis sed lacus. Morbi sem mauris, laoreet ut, rhoncus aliquet, pulvinar sed, nisl. Nunc rhoncus dui vel sem.","1568385680","1637332880","4414","6213 Lake View Drive","44.3794871","20.2638941","3");
INSERT INTO `task` (id,name,description,date_add,date_expire,price,address,latitude,longitude,owner_id) VALUES ("8","strategize frictionless solutions","Integer tincidunt ante vel ipsum. Praesent blandit lacinia erat. Vestibulum sed magna at nunc commodo placerat. Praesent blandit. Nam nulla. Integer pede justo, lacinia eget, tincidunt eget, tempus vel, pede. Morbi porttitor lorem id ligula. Suspendisse ornare consequat lectus. In est risus, auctor sed, tristique in, tempus sit amet, sem.","1554129680","1573742480","3454","994 Corry Park","-7.3251485","108.3607464","4");
INSERT INTO `task` (id,name,description,date_add,date_expire,price,address,latitude,longitude,owner_id) VALUES ("9","innovate seamless metrics","Cras mi pede, malesuada in, imperdiet et, commodo vulputate, justo. In blandit ultrices enim. Lorem ipsum dolor sit amet, consectetuer adipiscing elit.","1553784080","1639320080","3101","2 Bluestem Park","43","-87.97","4");
INSERT INTO `task` (id,name,description,date_add,date_expire,price,address,latitude,longitude,owner_id) VALUES ("10","integrate wireless infomediaries","Donec diam neque, vestibulum eget, vulputate ut, ultrices vel, augue. Vestibulum ante ipsum primis in faucibus orci luctus et ultrices posuere cubilia Curae; Donec pharetra, magna vestibulum aliquet ultrices, erat tortor sollicitudin mi, sit amet lobortis sapien sapien non mi. Integer ac neque.","1556721680","1576766480","6562","1 Dexter Hill",null,null,"3");
INSERT INTO `task_category` (id,task_id,category_id) VALUES ("1","1","2");
INSERT INTO `task_category` (id,task_id,category_id) VALUES ("2","3","4");
INSERT INTO `task_category` (id,task_id,category_id) VALUES ("3","2","1");
INSERT INTO `task_category` (id,task_id,category_id) VALUES ("4","5","4");
INSERT INTO `task_category` (id,task_id,category_id) VALUES ("5","1","3");
INSERT INTO `task_category` (id,task_id,category_id) VALUES ("6","4","6");
INSERT INTO `task_category` (id,task_id,category_id) VALUES ("7","5","2");
INSERT INTO `task_category` (id,task_id,category_id) VALUES ("8","8","1");
INSERT INTO `task_category` (id,task_id,category_id) VALUES ("9","7","8");
INSERT INTO `task_category` (id,task_id,category_id) VALUES ("10","6","3");
INSERT INTO `task_category` (id,task_id,category_id) VALUES ("11","9","1");
INSERT INTO `task_category` (id,task_id,category_id) VALUES ("12","10","5");
INSERT INTO `user_profile` (id,user_id,profile_id) VALUES ("1","1","2");
INSERT INTO `user_profile` (id,user_id,profile_id) VALUES ("2","2","1");
INSERT INTO `user_profile` (id,user_id,profile_id) VALUES ("3","3","3");
INSERT INTO `user_task` (id,user_id,task_id) VALUES ("1","1","2");
INSERT INTO `user_task` (id,user_id,task_id) VALUES ("2","1","3");
INSERT INTO `user_task` (id,user_id,task_id) VALUES ("3","1","4");
INSERT INTO `user_task` (id,user_id,task_id) VALUES ("4","2","1");
INSERT INTO `user_task` (id,user_id,task_id) VALUES ("5","3","6");
INSERT INTO `user_task` (id,user_id,task_id) VALUES ("6","3","5");
INSERT INTO `user_task` (id,user_id,task_id) VALUES ("7","2","7");
INSERT INTO `user_task` (id,user_id,task_id) VALUES ("8","2","8");
INSERT INTO `user_task` (id,user_id,task_id) VALUES ("9","3","9");
INSERT INTO `user_task` (id,user_id,task_id) VALUES ("10","3","10");
INSERT INTO `user_category` (id,user_id,category_id) VALUES ("1","1","2");
INSERT INTO `user_category` (id,user_id,category_id) VALUES ("2","1","3");
INSERT INTO `user_category` (id,user_id,category_id) VALUES ("3","1","4");
INSERT INTO `user_category` (id,user_id,category_id) VALUES ("4","2","1");
INSERT INTO `user_category` (id,user_id,category_id) VALUES ("5","3","6");
INSERT INTO `task_file` (id,task_id,file) VALUES ("1","1","picture.jpg");
INSERT INTO `task_file` (id,task_id,file) VALUES ("2","1","agreement.docx");
INSERT INTO `task_file` (id,task_id,file) VALUES ("3","2","smartphone-photo.png");
INSERT INTO `response` (id,task_id,user_id,date_add,price,description) VALUES ("1","1","1","1605501679","1500","Могу сделать всё в лучшем виде. У меня есть необходимый опыт и инструменты.");
INSERT INTO `response` (id,task_id,user_id,date_add,price,description) VALUES ("2","1","2","1603118479","1000","Примусь за выполнение задания в течение часа, сделаю быстро и качественно.");
SET foreign_key_checks = 1;